Metal,Climate change
Lithium brine,3.5475477163065983
Lithium spodumene,11.48242427087268
Cobalt,12.833119076092908
Graphite natural,10.707487600073815
Graphite synthetic,11.080016554165189
