Metal,Climate change
"Lithium, brine",7.611945490573322
"Lithium, spodumene",16.038999822102646
Cobalt,12.77556193040785
"Graphite, natural",10.707487654317111
"Graphite, synthetic",11.08001655965439
