Metal,Climate change
"Lithium, brine",7.702184411037539
"Lithium, spodumene",17.23732293458235
Cobalt,14.990897206160097
Nickel,5.479064855916995
"Graphite, natural",10.56048907223994
