Raw material,Climate change
"Lithium, brine",7.702184421104804
"Lithium, spodumene",17.237322942113362
Cobalt,14.99089722439171
Nickel,5.47906485240924
"Graphite, natural",10.560489127376108
"Graphite, synthetic",43.87147798772766
"Lithium, brine - carbonate",3.6200944006605678
"Lithium, spodumene - carbonate",24.105141972718634
